model,0,1,2,3
bert-base-uncased,0.4816326530612245,0.11836734693877551,0.09387755102040816,0.06938775510204082
roberta-base,0.49387755102040815,0.09387755102040816,0.0653061224489796,0.08979591836734693
bert-large-uncased,0.4775510204081633,0.16326530612244897,0.07346938775510205,0.08163265306122448
roberta-large,0.5591836734693878,0.05714285714285714,0.12244897959183673,0.19183673469387755
gpt2,1.0,0.9918367346938776,0.9836734693877551,0.9755102040816327
gpt2-medium,1.0,0.8040816326530612,0.7551020408163265,0.8
