model,0,1,2,3
bert-base-uncased,1.0,0.967741935483871,0.5806451612903226,0.6021505376344086 
bert-large-uncased,1.0, 1.0, 0.9623655913978495, 0.967741935483871
roberta-base,1.0,1.0,0.6774193548387096 ,0.6236559139784946
roberta-large, 1.0,0.967741935483871, 0.9946236559139785, 0.989247311827957 
gpt2,1.0,0.9946236559139785, 0.9838709677419355, 1.0
gpt2-medium,0.997289972899729, 1.0,1.0, 1.0
